season,team,off_avg,def_avg,total_player
2025,Milwaukee Bucks,106.76470588235294,113.82352941176471,17
2025,Denver Nuggets,93.6470588235294,113.52941176470588,17
2025,Houston Rockets,112.375,104.125,16
2025,Indiana Pacers,106.55555555555556,117.88888888888889,18
2025,Oklahoma City Thunder,113,104.22222222222223,18
2025,Chicago Bulls,117.41176470588235,119.17647058823529,17
2025,Philadelphia 76ers,109.11764705882354,114.76470588235294,17
2025,Boston Celtics,107.5625,109.1875,16
2025,Miami Heat,112.26666666666667,110.46666666666667,15
2025,Sacramento Kings,112.5625,113.625,16
2025,Washington Wizards,116.1875,120.5,16
2025,Detroit Pistons,107.875,113.75,16
2025,Los Angeles Clippers,112.14285714285714,108.07142857142857,14
2025,Golden State Warriors,120.4375,107.9375,16
2025,Portland Trail Blazers,NA,113.75,16
2025,Orlando Magic,114.05882352941177,107.29411764705883,17
2025,Los Angeles Lakers,NA,118.4,15
2025,Minnesota Timberwolves,110,112.57142857142857,14
2025,New Orleans Pelicans,105.52631578947368,118.47368421052632,19
2025,New York Knicks,113.38461538461539,117.92307692307692,13
2025,Brooklyn Nets,117,118.4375,16
2025,San Antonio Spurs,99.44444444444444,113,18
2025,Atlanta Hawks,106.8125,117.1875,16
2025,Phoenix Suns,111,116.70588235294117,17
2025,Memphis Grizzlies,115.47058823529412,109,17
2025,Charlotte Hornets,107.25,113.875,16
2025,Dallas Mavericks,104.58823529411765,112.17647058823529,17
2025,Utah Jazz,107.29411764705883,118.47058823529412,17
2025,Toronto Raptors,114.125,116,16
2025,Cleveland Cavaliers,121.66666666666667,111.66666666666667,15
2024,Milwaukee Bucks,NA,115.80952380952381,21
2024,Dallas Mavericks,114.68181818181819,115.45454545454545,22
2024,Atlanta Hawks,114.21052631578948,119.63157894736842,19
2024,Denver Nuggets,116.6470588235294,112.88235294117646,17
2024,Houston Rockets,117.88235294117646,112.94117647058823,17
2024,Indiana Pacers,114.18181818181819,118.54545454545455,22
2024,Oklahoma City Thunder,113.0909090909091,113.86363636363636,22
2024,Chicago Bulls,107,116,18
2024,Orlando Magic,111.66666666666667,111.61111111111111,18
2024,Boston Celtics,124.42105263157895,110.89473684210526,19
2024,Detroit Pistons,NA,119.48387096774194,31
2024,New York Knicks,103,114.23076923076923,26
2024,Charlotte Hornets,109.07692307692308,120.1923076923077,26
2024,Los Angeles Lakers,103.57142857142857,116.61904761904762,21
2024,Sacramento Kings,113.05,115.65,20
2024,Miami Heat,109.42857142857143,112.76190476190476,21
2024,Los Angeles Clippers,113.23809523809524,115.42857142857143,21
2024,Golden State Warriors,116.11111111111111,115.11111111111111,18
2024,Portland Trail Blazers,105.13636363636364,117.27272727272727,22
2024,Minnesota Timberwolves,NA,109.3157894736842,19
2024,Washington Wizards,106.79166666666667,116.45833333333333,24
2024,Brooklyn Nets,109.9047619047619,115.95238095238095,21
2024,Memphis Grizzlies,101.42424242424242,114.48484848484848,33
2024,San Antonio Spurs,119.1,116.65,20
2024,Phoenix Suns,111.45454545454545,114.68181818181819,22
2024,New Orleans Pelicans,100.15,113.4,20
2024,Utah Jazz,116.19047619047619,120.57142857142857,21
2024,Toronto Raptors,NA,118.3,30
2024,Philadelphia 76ers,NA,114.35714285714286,28
2024,Cleveland Cavaliers,109.22222222222223,113.88888888888889,18
2023,Milwaukee Bucks,113.52380952380952,112.85714285714286,21
2023,Minnesota Timberwolves,118.95,114.15,20
2023,Dallas Mavericks,113.08695652173913,117.26086956521739,23
2023,Atlanta Hawks,112.9,116.3,20
2023,Denver Nuggets,112.33333333333333,114.38888888888889,18
2023,Indiana Pacers,112.1,117.55,20
2023,Oklahoma City Thunder,114.57894736842105,114.26315789473684,19
2023,Orlando Magic,112.55,113.6,20
2023,Boston Celtics,114.94444444444444,111.55555555555556,18
2023,Detroit Pistons,114.86363636363636,115.68181818181819,22
2023,Chicago Bulls,116.94444444444444,112.27777777777777,18
2023,Sacramento Kings,108.7,116.7,20
2023,San Antonio Spurs,107.08695652173913,119.95652173913044,23
2023,Brooklyn Nets,100.88,114.12,25
2023,Houston Rockets,113.27777777777777,119.55555555555556,18
2023,Los Angeles Clippers,114.0952380952381,115.04761904761905,21
2023,Golden State Warriors,113.77777777777777,114.38888888888889,18
2023,Portland Trail Blazers,109.91304347826087,118.47826086956522,23
2023,Los Angeles Lakers,112.45833333333333,113.54166666666667,24
2023,Washington Wizards,108.1304347826087,114.91304347826087,23
2023,Miami Heat,110.85,112.85,20
2023,Phoenix Suns,113.95,113.1,20
2023,Memphis Grizzlies,111.6842105263158,111.52631578947368,19
2023,New Orleans Pelicans,114.29411764705883,112.76470588235294,17
2023,Charlotte Hornets,109.42105263157895,115.73684210526316,19
2023,New York Knicks,115.29411764705883,114.76470588235294,17
2023,Cleveland Cavaliers,115.22222222222223,110.16666666666667,18
2023,Toronto Raptors,119.5,114.6,20
2023,Utah Jazz,111.6086956521739,117,23
2023,Philadelphia 76ers,NA,113,21
2022,Denver Nuggets,112,113.04545454545455,22
2022,Philadelphia 76ers,109.56521739130434,108.91304347826087,23
2022,Washington Wizards,NA,114.3103448275862,29
2022,Phoenix Suns,100.6086956521739,105.30434782608695,23
2022,Boston Celtics,NA,108.75,28
2022,Oklahoma City Thunder,101.84615384615384,113.53846153846153,26
2022,Sacramento Kings,NA,115.88461538461539,26
2022,Orlando Magic,100.54545454545455,113.5,22
2022,Indiana Pacers,NA,117.28571428571429,28
2022,New York Knicks,NA,109.8695652173913,23
2022,Chicago Bulls,116.5,112.18181818181819,22
2022,New Orleans Pelicans,109.04545454545455,113.36363636363636,22
2022,Houston Rockets,107.84210526315789,116.21052631578948,19
2022,Los Angeles Clippers,117.26086956521739,110.34782608695652,23
2022,Brooklyn Nets,NA,111.625,24
2022,Golden State Warriors,112.82352941176471,107.29411764705883,17
2022,Portland Trail Blazers,108.29629629629629,117,27
2022,Los Angeles Lakers,103.16,112.6,25
2022,Minnesota Timberwolves,NA,112.27777777777777,18
2022,San Antonio Spurs,109.125,113.125,24
2022,Toronto Raptors,NA,110.78260869565217,23
2022,Charlotte Hornets,109.10526315789474,114.47368421052632,19
2022,Miami Heat,112.54545454545455,109.68181818181819,22
2022,Dallas Mavericks,102.14814814814815,109.55555555555556,27
2022,Milwaukee Bucks,NA,111.82758620689656,29
2022,Atlanta Hawks,111.79166666666667,115.58333333333333,24
2022,Utah Jazz,107.125,111.33333333333333,24
2022,Memphis Grizzlies,107.95652173913044,109.82608695652173,23
2022,Cleveland Cavaliers,108.46153846153847,110.11538461538461,26
2022,Detroit Pistons,95.55555555555556,113.85185185185185,27
2021,Orlando Magic,105.82142857142857,114.78571428571429,28
2021,Denver Nuggets,NA,112.68181818181819,22
2021,Indiana Pacers,106.7,112.7,20
2021,Boston Celtics,112.42857142857143,112.57142857142857,21
2021,Phoenix Suns,112.52941176470588,111.70588235294117,17
2021,Chicago Bulls,108.31818181818181,111.36363636363636,22
2021,Oklahoma City Thunder,106.31818181818181,114.22727272727273,22
2021,New York Knicks,105.21052631578948,108.52631578947368,19
2021,Golden State Warriors,107.94444444444444,109,18
2021,Los Angeles Lakers,109.10526315789474,106.78947368421052,19
2021,Toronto Raptors,115.54545454545455,113.27272727272727,22
2021,Washington Wizards,105.9047619047619,113.0952380952381,21
2021,Brooklyn Nets,106.85185185185185,113.62962962962963,27
2021,Los Angeles Clippers,113.3,111,20
2021,Cleveland Cavaliers,103.2,113.08,25
2021,Miami Heat,113.57142857142857,111.19047619047619,21
2021,Portland Trail Blazers,111.88235294117646,116,17
2021,Minnesota Timberwolves,104,115.4375,16
2021,Houston Rockets,102.33333333333333,114.76666666666667,30
2021,Philadelphia 76ers,100.73913043478261,108.65217391304348,23
2021,Milwaukee Bucks,110.9090909090909,112.13636363636364,22
2021,Charlotte Hornets,111.29411764705883,114.11764705882354,17
2021,Detroit Pistons,108.0952380952381,113,21
2021,Dallas Mavericks,109.94736842105263,112.6842105263158,19
2021,Atlanta Hawks,108.94444444444444,113.22222222222223,18
2021,Utah Jazz,114.16666666666667,108.61111111111111,18
2021,Memphis Grizzlies,109,110.72222222222223,18
2021,New Orleans Pelicans,99.71428571428571,114.66666666666667,21
2021,Sacramento Kings,108.79166666666667,117.16666666666667,24
2021,San Antonio Spurs,109.61111111111111,113.33333333333333,18
2020,Orlando Magic,102.78947368421052,109.21052631578948,19
2020,Indiana Pacers,104.17647058823529,108.17647058823529,17
2020,Oklahoma City Thunder,95.5,109.66666666666667,18
2020,Chicago Bulls,112.88235294117646,110.3529411764706,17
2020,Washington Wizards,110.91304347826087,115.95652173913044,23
2020,Philadelphia 76ers,105.57894736842105,108.89473684210526,19
2020,Golden State Warriors,103.4090909090909,114.13636363636364,22
2020,Los Angeles Lakers,105.1,107.95,20
2020,Atlanta Hawks,98.0952380952381,114.33333333333333,21
2020,Sacramento Kings,106.6086956521739,111.04347826086956,23
2020,Cleveland Cavaliers,NA,112.85714285714286,21
2020,Minnesota Timberwolves,103.58333333333333,113.33333333333333,24
2020,New York Knicks,106.47058823529412,113.88235294117646,17
2020,Los Angeles Clippers,113.3,108.25,20
2020,Detroit Pistons,105,113.36363636363636,22
2020,Miami Heat,104.71428571428571,109.61904761904762,21
2020,Portland Trail Blazers,110.15789473684211,114.05263157894737,19
2020,Memphis Grizzlies,108.38095238095238,110.66666666666667,21
2020,Dallas Mavericks,113,111.73684210526316,19
2020,Phoenix Suns,105.15789473684211,111.84210526315789,19
2020,Houston Rockets,105.47619047619048,109.47619047619048,21
2020,Charlotte Hornets,101.625,112.8125,16
2020,Utah Jazz,103.15,110.1,20
2020,Denver Nuggets,110.14285714285714,110.80952380952381,21
2020,Boston Celtics,110.52941176470588,105.94117647058823,17
2020,New Orleans Pelicans,107.05882352941177,112.94117647058823,17
2020,Milwaukee Bucks,110.17647058823529,103.3529411764706,17
2020,San Antonio Spurs,108.77777777777777,113.72222222222223,18
2020,Brooklyn Nets,107.45833333333333,110.08333333333333,24
2020,Toronto Raptors,113.11111111111111,105.11111111111111,18
2019,Orlando Magic,110.88235294117646,108,17
2019,Indiana Pacers,102.52941176470588,106.23529411764706,17
2019,Oklahoma City Thunder,92.66666666666667,109.16666666666667,18
2019,Boston Celtics,117,108.58823529411765,17
2019,Portland Trail Blazers,108.88888888888889,111,18
2019,Brooklyn Nets,110.3157894736842,109.52631578947368,19
2019,Utah Jazz,108.66666666666667,106.55555555555556,18
2019,Cleveland Cavaliers,NA,118.14814814814815,27
2019,Sacramento Kings,107.85,111.55,20
2019,Los Angeles Lakers,104.0909090909091,109.68181818181819,22
2019,Atlanta Hawks,115.72727272727273,114.4090909090909,22
2019,Golden State Warriors,115.52941176470588,109.76470588235294,17
2019,New York Knicks,105.56521739130434,113.91304347826087,23
2019,Philadelphia 76ers,111.15384615384616,110.15384615384616,26
2019,Detroit Pistons,103.65,108.45,20
2019,Memphis Grizzlies,101.17857142857143,109.57142857142857,28
2019,New Orleans Pelicans,106.05,113.55,20
2019,Minnesota Timberwolves,110.0952380952381,113.85714285714286,21
2019,Chicago Bulls,NA,113.77272727272727,22
2019,Washington Wizards,110.8,113.64,25
2019,Houston Rockets,108.17391304347827,111.43478260869566,23
2019,Los Angeles Clippers,105.68181818181819,111.4090909090909,22
2019,Miami Heat,102.38888888888889,108.55555555555556,18
2019,Charlotte Hornets,105.23529411764706,113.70588235294117,17
2019,Milwaukee Bucks,109.66666666666667,105.70833333333333,24
2019,Denver Nuggets,108.05555555555556,109.88888888888889,18
2019,San Antonio Spurs,110,110.375,16
2019,Toronto Raptors,109.36363636363636,107.13636363636364,22
2019,Dallas Mavericks,NA,111.28571428571429,21
2019,Phoenix Suns,NA,114.29166666666667,24
2018,Minnesota Timberwolves,119.125,111.1875,16
2018,Orlando Magic,102.89473684210526,110.63157894736842,19
2018,Dallas Mavericks,97.17391304347827,109.65217391304348,23
2018,Houston Rockets,94.83333333333333,106.79166666666667,24
2018,Boston Celtics,96,103.35,20
2018,Indiana Pacers,NA,109,19
2018,Portland Trail Blazers,114.75,103.5,16
2018,Phoenix Suns,104,112.04545454545455,22
2018,Utah Jazz,111.33333333333333,105.0952380952381,21
2018,Los Angeles Lakers,101.41666666666667,109,24
2018,Toronto Raptors,107.11111111111111,106.22222222222223,18
2018,Brooklyn Nets,109.5909090909091,111.31818181818181,22
2018,Philadelphia 76ers,102.26086956521739,106.65217391304348,23
2018,Detroit Pistons,104.81818181818181,108.5,22
2018,Golden State Warriors,106.70588235294117,106.47058823529412,17
2018,Oklahoma City Thunder,108.6470588235294,108.05882352941177,17
2018,Memphis Grizzlies,102.875,110.83333333333333,24
2018,Atlanta Hawks,98.68181818181819,111.77272727272727,22
2018,Cleveland Cavaliers,108.31818181818181,112.4090909090909,22
2018,New Orleans Pelicans,101.21739130434783,110.08695652173913,23
2018,Chicago Bulls,94.19047619047619,111.66666666666667,21
2018,Los Angeles Clippers,108.76190476190476,109.66666666666667,21
2018,Miami Heat,102.63157894736842,107.42105263157895,19
2018,Sacramento Kings,102.27777777777777,111.22222222222223,18
2018,Washington Wizards,108.46666666666667,108.6,15
2018,Milwaukee Bucks,106.79166666666667,111.125,24
2018,San Antonio Spurs,106.17647058823529,104.47058823529412,17
2018,Charlotte Hornets,109.76470588235294,109.05882352941177,17
2018,New York Knicks,99.23809523809524,111,21
2018,Denver Nuggets,NA,111.44444444444444,18
2017,Dallas Mavericks,97.54166666666667,108.70833333333333,24
2017,Indiana Pacers,103.5625,109.625,16
2017,Orlando Magic,95.78947368421052,111.3157894736842,19
2017,Charlotte Hornets,105,109.52631578947368,19
2017,Minnesota Timberwolves,103.9375,111.25,16
2017,Boston Celtics,112.53333333333333,109,15
2017,Portland Trail Blazers,106.66666666666667,110.53333333333333,15
2017,Los Angeles Clippers,104.2,106.73333333333333,15
2017,Phoenix Suns,105.72222222222223,112.94444444444444,18
2017,Utah Jazz,108.73333333333333,105.13333333333334,15
2017,Philadelphia 76ers,103.80952380952381,109.38095238095238,21
2017,New Orleans Pelicans,107.76923076923077,108.88461538461539,26
2017,Denver Nuggets,113.6842105263158,111.63157894736842,19
2017,Golden State Warriors,110.23529411764706,103.94117647058823,17
2017,Detroit Pistons,102.33333333333333,107.86666666666666,15
2017,Oklahoma City Thunder,106.89473684210526,108.26315789473684,19
2017,Cleveland Cavaliers,NA,110.14285714285714,21
2017,Memphis Grizzlies,103.94117647058823,107.3529411764706,17
2017,Washington Wizards,NA,107.94444444444444,18
2017,Brooklyn Nets,103.47619047619048,111.19047619047619,21
2017,Chicago Bulls,100.05555555555556,108.11111111111111,18
2017,Sacramento Kings,105.6842105263158,111.78947368421052,19
2017,Milwaukee Bucks,93,108.47368421052632,19
2017,Houston Rockets,108.44444444444444,109.83333333333333,18
2017,Los Angeles Lakers,105.55555555555556,112.72222222222223,18
2017,New York Knicks,106.875,111.5,16
2017,Toronto Raptors,110,107.3529411764706,17
2017,San Antonio Spurs,109.25,104.3125,16
2017,Atlanta Hawks,97.95,106.95,20
2017,Miami Heat,105.66666666666667,107.13333333333334,15
2016,Chicago Bulls,104.0625,106.625,16
2016,Orlando Magic,101.23529411764706,107.11764705882354,17
2016,Charlotte Hornets,107.58823529411765,104.82352941176471,17
2016,Minnesota Timberwolves,104.625,110.875,16
2016,Atlanta Hawks,101.88235294117646,102.23529411764706,17
2016,Portland Trail Blazers,102.125,108.75,16
2016,Washington Wizards,102.6842105263158,106.21052631578948,19
2016,Phoenix Suns,97.30434782608695,108.43478260869566,23
2016,Utah Jazz,98.11764705882354,103.47058823529412,17
2016,Los Angeles Clippers,105.77777777777777,103.94444444444444,18
2016,Memphis Grizzlies,109.42857142857143,107.89285714285714,28
2016,New Orleans Pelicans,100.66666666666667,110,21
2016,Miami Heat,117.78947368421052,104.52631578947368,19
2016,Boston Celtics,101.6875,103.9375,16
2016,Cleveland Cavaliers,106.77777777777777,104.94444444444444,18
2016,Golden State Warriors,113.3125,103.875,16
2016,Detroit Pistons,109,106.47058823529412,17
2016,San Antonio Spurs,110.17647058823529,99.58823529411765,17
2016,Oklahoma City Thunder,107.23529411764706,106.94117647058823,17
2016,Brooklyn Nets,103.41176470588235,110.47058823529412,17
2016,Houston Rockets,NA,107.66666666666667,18
2016,Toronto Raptors,104.5625,104.75,16
2016,Los Angeles Lakers,101.8,111.66666666666667,15
2016,New York Knicks,106.25,108.0625,16
2016,Denver Nuggets,101.21052631578948,109.26315789473684,19
2016,Sacramento Kings,104.26666666666667,109,15
2016,Indiana Pacers,109.4375,103.875,16
2016,Philadelphia 76ers,96,109.5,18
2016,Dallas Mavericks,107.625,106.0625,16
2016,Milwaukee Bucks,100.11764705882354,109.94117647058823,17
2015,Indiana Pacers,103.5625,103.4375,16
2015,Cleveland Cavaliers,102.5,107,20
2015,Phoenix Suns,91.34782608695652,107.3913043478261,23
2015,Chicago Bulls,102.85714285714286,105.07142857142857,14
2015,Orlando Magic,99.2,107.93333333333334,15
2015,Atlanta Hawks,105.75,103.25,16
2015,Minnesota Timberwolves,109.36,112.16,25
2015,Charlotte Hornets,101.58823529411765,104.58823529411765,17
2015,Dallas Mavericks,108,106.89473684210526,19
2015,Brooklyn Nets,98.42105263157895,106.89473684210526,19
2015,Utah Jazz,97.63636363636364,104.9090909090909,22
2015,Philadelphia 76ers,90.08,106.4,25
2015,Houston Rockets,100.55,104.4,20
2015,New York Knicks,98.95,109.9,20
2015,New Orleans Pelicans,96.23809523809524,108.61904761904762,21
2015,Portland Trail Blazers,104.88888888888889,103.61111111111111,18
2015,Denver Nuggets,101.05,107.85,20
2015,Toronto Raptors,106.46666666666667,107.2,15
2015,Miami Heat,100.61904761904762,107.42857142857143,21
2015,Detroit Pistons,101.5,106.95,20
2015,Golden State Warriors,108.4,101.4,15
2015,Washington Wizards,98.72222222222223,103.94444444444444,18
2015,Sacramento Kings,108.05263157894737,107.94736842105263,19
2015,Oklahoma City Thunder,101.23809523809524,106.38095238095238,21
2015,San Antonio Spurs,106.3529411764706,102.58823529411765,17
2015,Los Angeles Clippers,103.75,106.15,20
2015,Boston Celtics,102.77272727272727,103.72727272727273,22
2015,Memphis Grizzlies,105.3157894736842,102.26315789473684,19
2015,Milwaukee Bucks,101.1,102.6,20
2015,Los Angeles Lakers,98.55555555555556,111.72222222222223,18
2014,Minnesota Timberwolves,102.70588235294117,106.94117647058823,17
2014,Houston Rockets,105.88888888888889,107.05555555555556,18
2014,Denver Nuggets,103.3125,107.8125,16
2014,Toronto Raptors,102.95,105.25,20
2014,Sacramento Kings,98.56521739130434,109.47826086956522,23
2014,Orlando Magic,99.375,107.5625,16
2014,Philadelphia 76ers,95.3913043478261,109.95652173913044,23
2014,Washington Wizards,101.17647058823529,104.70588235294117,17
2014,Atlanta Hawks,98.5,107.72222222222223,18
2014,Charlotte Bobcats,87.57894736842105,103.10526315789474,19
2014,New Orleans Pelicans,102.85714285714286,110.47619047619048,21
2014,Brooklyn Nets,101.84210526315789,108.10526315789474,19
2014,Utah Jazz,94.76470588235294,111.3529411764706,17
2014,Phoenix Suns,105.4,107.26666666666667,15
2014,Portland Trail Blazers,105.8,107.6,15
2014,Cleveland Cavaliers,92.33333333333333,106.9047619047619,21
2014,New York Knicks,NA,108.77777777777777,18
2014,Detroit Pistons,104.66666666666667,110.13333333333334,15
2014,Golden State Warriors,97.77777777777777,103,18
2014,Oklahoma City Thunder,95.33333333333333,105.27777777777777,18
2014,Indiana Pacers,102.82352941176471,99.94117647058823,17
2014,Los Angeles Clippers,101.3,103.6,20
2014,San Antonio Spurs,103.42105263157895,102.36842105263158,19
2014,Boston Celtics,101.63157894736842,107.84210526315789,19
2014,Memphis Grizzlies,NA,105.72222222222223,18
2014,Dallas Mavericks,108.06666666666666,109.06666666666666,15
2014,Milwaukee Bucks,105.52631578947368,111.73684210526316,19
2014,Chicago Bulls,NA,103.1,20
2014,Miami Heat,114.61111111111111,106.66666666666667,18
2014,Los Angeles Lakers,101.26315789473684,110.73684210526316,19
2013,Washington Wizards,94.47368421052632,103.15789473684211,19
2013,Sacramento Kings,103.41176470588235,111.11764705882354,17
2013,Houston Rockets,100.85,105.95,20
2013,Toronto Raptors,104.33333333333333,107.83333333333333,18
2013,Orlando Magic,98.27777777777777,109.22222222222223,18
2013,Atlanta Hawks,NA,104.88888888888889,18
2013,Utah Jazz,103.42857142857143,107.35714285714286,14
2013,New Orleans Hornets,100.26315789473684,110.36842105263158,19
2013,Minnesota Timberwolves,97.15789473684211,105.57894736842105,19
2013,Cleveland Cavaliers,100.05263157894737,110.10526315789474,19
2013,New York Knicks,102.3157894736842,105.94736842105263,19
2013,Brooklyn Nets,NA,NA,17
2013,Detroit Pistons,105.6875,108.625,16
2013,Denver Nuggets,109.53333333333333,105.6,15
2013,Golden State Warriors,101.0625,105.1875,16
2013,Los Angeles Lakers,96.625,107.4375,16
2013,Dallas Mavericks,96.69565217391305,108.56521739130434,23
2013,Philadelphia 76ers,97.82352941176471,107.3529411764706,17
2013,San Antonio Spurs,106.4375,102.0625,16
2013,Memphis Grizzlies,100.95,101.45,20
2013,Boston Celtics,95.4,103.5,20
2013,Charlotte Bobcats,105.11111111111111,111.83333333333333,18
2013,Indiana Pacers,95.875,101.0625,16
2013,Milwaukee Bucks,99.5,105.27777777777777,18
2013,Los Angeles Clippers,106.53333333333333,104,15
2013,Chicago Bulls,97.2,103.6,15
2013,Miami Heat,103.88888888888889,104.72222222222223,18
2013,Portland Trail Blazers,98.6,109.73333333333333,15
2013,Oklahoma City Thunder,106.25,103.3125,16
2013,Phoenix Suns,96.8125,108.25,16
2012,Indiana Pacers,106.4,101.8,15
2012,Toronto Raptors,96.83333333333333,104.33333333333333,18
2012,Denver Nuggets,110,105.41176470588235,17
2012,Atlanta Hawks,101.8125,101.4375,16
2012,Utah Jazz,103.33333333333333,106.93333333333334,15
2012,New Orleans Hornets,97.18181818181819,104.95454545454545,22
2012,Cleveland Cavaliers,96.52380952380952,109.0952380952381,21
2012,New York Knicks,100,100.47058823529412,17
2012,Washington Wizards,94.95238095238095,106.04761904761905,21
2012,New Jersey Nets,100,109.72727272727273,22
2012,Philadelphia 76ers,93.6875,99.5625,16
2012,Milwaukee Bucks,100.05882352941177,105.23529411764706,17
2012,Los Angeles Lakers,103.47058823529412,105.52941176470588,17
2012,Golden State Warriors,104.55,109.2,20
2012,Minnesota Timberwolves,101.66666666666667,106.93333333333334,15
2012,Portland Trail Blazers,101.55555555555556,105.16666666666667,18
2012,Detroit Pistons,99,105.78571428571429,14
2012,Boston Celtics,98,98.11764705882354,17
2012,Charlotte Bobcats,91.375,110.5,16
2012,Los Angeles Clippers,99.38888888888889,106.11111111111111,18
2012,San Antonio Spurs,102.28571428571429,103.61904761904762,21
2012,Dallas Mavericks,99,102.5,16
2012,Chicago Bulls,106.71428571428571,98.92857142857143,14
2012,Memphis Grizzlies,93.6470588235294,103.3529411764706,17
2012,Houston Rockets,108.26315789473684,104.89473684210526,19
2012,Phoenix Suns,104.6923076923077,106.84615384615384,13
2012,Miami Heat,99.4375,100.375,16
2012,Orlando Magic,96.375,104.4375,16
2012,Sacramento Kings,100.93333333333334,109.26666666666667,15
2012,Oklahoma City Thunder,105.3125,104.5,16
2011,Indiana Pacers,103,106.2,15
2011,Houston Rockets,98.95,108.8,20
2011,Phoenix Suns,NA,110.84210526315789,19
2011,New Orleans Hornets,98.26315789473684,106,19
2011,Memphis Grizzlies,101.78947368421052,105.36842105263158,19
2011,Golden State Warriors,104.6470588235294,110.58823529411765,17
2011,Denver Nuggets,110.78947368421052,106.84210526315789,19
2011,Atlanta Hawks,102.58823529411765,107.17647058823529,17
2011,Utah Jazz,104.23529411764706,110.58823529411765,17
2011,Washington Wizards,99.34782608695652,110.47826086956522,23
2011,Los Angeles Clippers,104,109.47058823529412,17
2011,Dallas Mavericks,109.38888888888889,104.88888888888889,18
2011,Toronto Raptors,101.5909090909091,112.68181818181819,22
2011,San Antonio Spurs,99.4,106.4,20
2011,Cleveland Cavaliers,100.57894736842105,111.84210526315789,19
2011,New York Knicks,105.9,109.95,20
2011,Philadelphia 76ers,99.06666666666666,106.06666666666666,15
2011,Portland Trail Blazers,98.55555555555556,107.88888888888889,18
2011,Milwaukee Bucks,NA,103.76470588235294,17
2011,Los Angeles Lakers,103.9375,104.875,16
2011,New Jersey Nets,98.04545454545455,108.86363636363636,22
2011,Minnesota Timberwolves,100.23529411764706,111.52941176470588,17
2011,Sacramento Kings,NA,110.1875,16
2011,Detroit Pistons,106.07692307692308,112.07692307692308,13
2011,Boston Celtics,101.42857142857143,100.80952380952381,21
2011,Charlotte Bobcats,97.6842105263158,107.47368421052632,19
2011,Orlando Magic,104.29411764705883,102.70588235294117,17
2011,Chicago Bulls,103.33333333333333,100.73333333333333,15
2011,Oklahoma City Thunder,105.77777777777777,107.66666666666667,18
2011,Miami Heat,106.76470588235294,104.11764705882354,17
2010,Indiana Pacers,101.73333333333333,106.53333333333333,15
2010,Houston Rockets,98.85714285714286,107.33333333333333,21
2010,Chicago Bulls,96.66666666666667,105.44444444444444,18
2010,New Orleans Hornets,105.625,109.8125,16
2010,Golden State Warriors,113.35,112,20
2010,Charlotte Bobcats,101,103.15789473684211,19
2010,Los Angeles Lakers,104.92307692307692,104.23076923076923,13
2010,New York Knicks,102.6,111.65,20
2010,Atlanta Hawks,105.85714285714286,106.35714285714286,14
2010,Minnesota Timberwolves,98.0625,111.125,16
2010,Los Angeles Clippers,NA,NA,19
2010,Washington Wizards,101.95833333333333,109.91666666666667,24
2010,Phoenix Suns,NA,111.06666666666666,15
2010,Memphis Grizzlies,107.17647058823529,108.58823529411765,17
2010,Philadelphia 76ers,103.4375,111.4375,16
2010,Toronto Raptors,107.33333333333333,112.06666666666666,15
2010,Cleveland Cavaliers,97.22222222222223,104.72222222222223,18
2010,Portland Trail Blazers,104.26315789473684,106.89473684210526,19
2010,Utah Jazz,106.66666666666667,105.33333333333333,15
2010,Milwaukee Bucks,99.57894736842105,103.89473684210526,19
2010,Sacramento Kings,101.45,109.7,20
2010,Denver Nuggets,107.07692307692308,107.07692307692308,13
2010,Orlando Magic,112.33333333333333,103.58333333333333,12
2010,Oklahoma City Thunder,108.5,105.16666666666667,18
2010,San Antonio Spurs,105.94117647058823,103.76470588235294,17
2010,Detroit Pistons,104.71428571428571,111.57142857142857,14
2010,New Jersey Nets,97,110.29411764705883,17
2010,Dallas Mavericks,105.33333333333333,106.38888888888889,18
2010,Boston Celtics,98.94736842105263,105.15789473684211,19
2010,Miami Heat,101.33333333333333,104.8,15
2009,Houston Rockets,104.88235294117646,103.6470588235294,17
2009,Chicago Bulls,103.89473684210526,109.15789473684211,19
2009,Atlanta Hawks,104.06666666666666,108,15
2009,Charlotte Bobcats,NA,106.91666666666667,24
2009,Los Angeles Lakers,103.3125,105.0625,16
2009,Orlando Magic,107,102.4375,16
2009,Memphis Grizzlies,NA,109.8,15
2009,Golden State Warriors,105.41176470588235,113.3529411764706,17
2009,New York Knicks,97.52173913043478,109.56521739130434,23
2009,Minnesota Timberwolves,108.47058823529412,112,17
2009,Los Angeles Clippers,98.73684210526316,111.89473684210526,19
2009,Phoenix Suns,101.61111111111111,112.88888888888889,18
2009,Detroit Pistons,105.06666666666666,106.93333333333334,15
2009,Denver Nuggets,103.6470588235294,106.6470588235294,17
2009,Cleveland Cavaliers,104.5625,103,16
2009,Washington Wizards,103.70588235294117,113.94117647058823,17
2009,Philadelphia 76ers,107.84615384615384,107.6923076923077,13
2009,Toronto Raptors,97.42105263157895,110.52631578947368,19
2009,Utah Jazz,106,107.26666666666667,15
2009,Milwaukee Bucks,105.88235294117646,107.88235294117646,17
2009,Sacramento Kings,102.0952380952381,114.42857142857143,21
2009,San Antonio Spurs,108.85,104.5,20
2009,Dallas Mavericks,103.5,109,16
2009,New Orleans Hornets,104.33333333333333,107.46666666666667,15
2009,New Jersey Nets,103.2,111.4,15
2009,Portland Trail Blazers,102.66666666666667,108,15
2009,Indiana Pacers,107.5,109.07142857142857,14
2009,Boston Celtics,106.625,101.75,16
2009,Miami Heat,101.83333333333333,107.88888888888889,18
2009,Oklahoma City Thunder,109,108.6,20
2008,Houston Rockets,111,102.66666666666667,21
2008,Chicago Bulls,93.84210526315789,107.57894736842105,19
2008,Los Angeles Clippers,99.35,109.45,20
2008,Atlanta Hawks,103.25,109.6875,16
2008,Orlando Magic,106.125,106.3125,16
2008,Seattle SuperSonics,94,109.47619047619048,21
2008,Golden State Warriors,NA,NA,18
2008,Minnesota Timberwolves,98.375,111.125,16
2008,Phoenix Suns,108,108.375,16
2008,Miami Heat,100,109.86363636363636,22
2008,Denver Nuggets,99.94117647058823,107.05882352941177,17
2008,Detroit Pistons,NA,103.36842105263158,19
2008,Cleveland Cavaliers,93.82608695652173,107.17391304347827,23
2008,Washington Wizards,107.23076923076923,109.53846153846153,13
2008,Memphis Grizzlies,97.3157894736842,111.84210526315789,19
2008,Philadelphia 76ers,102.6,106.4,15
2008,Indiana Pacers,104.4375,108.0625,16
2008,Toronto Raptors,104.88235294117646,107.58823529411765,17
2008,Utah Jazz,106.8,107.13333333333334,15
2008,Milwaukee Bucks,104.21428571428571,112.35714285714286,14
2008,Los Angeles Lakers,107.10526315789474,105.42105263157895,19
2008,Sacramento Kings,95.15789473684211,110.36842105263158,19
2008,New Jersey Nets,96.1,109.85,20
2008,Dallas Mavericks,102.6,106.65,20
2008,New Orleans Hornets,104.875,105.875,16
2008,San Antonio Spurs,96.71428571428571,100.52380952380952,21
2008,Portland Trail Blazers,103.5,108.07142857142857,14
2008,Boston Celtics,107.46666666666667,99.26666666666667,15
2008,New York Knicks,109.06666666666666,111.06666666666666,15
2008,Charlotte Bobcats,101.13333333333334,110.06666666666666,15
2007,Los Angeles Lakers,106.92857142857143,108.85714285714286,14
2007,Los Angeles Clippers,88.78947368421052,105.94736842105263,19
2007,Charlotte Bobcats,99.77777777777777,108.5,18
2007,Golden State Warriors,103.55,107.85,20
2007,Chicago Bulls,100.28571428571429,99.35714285714286,14
2007,Indiana Pacers,99.42105263157895,105.89473684210526,19
2007,Boston Celtics,101.5,106.75,16
2007,Philadelphia 76ers,101.61111111111111,106.77777777777777,18
2007,Memphis Grizzlies,109,111.94444444444444,18
2007,Denver Nuggets,103.94444444444444,106.22222222222223,18
2007,Miami Heat,102.25,105.75,16
2007,Phoenix Suns,105.92857142857143,106.92857142857143,14
2007,Detroit Pistons,104.8,103.13333333333334,15
2007,Cleveland Cavaliers,101.66666666666667,101.66666666666667,15
2007,Washington Wizards,104.8125,111.125,16
2007,Seattle SuperSonics,99,111.5,16
2007,Toronto Raptors,106,106.52941176470588,17
2007,Utah Jazz,NA,108.26666666666667,15
2007,Milwaukee Bucks,96.29411764705883,112.17647058823529,17
2007,Dallas Mavericks,103,103.4375,16
2007,Atlanta Hawks,101.47368421052632,108.84210526315789,19
2007,New Jersey Nets,98.13333333333334,106.26666666666667,15
2007,San Antonio Spurs,105.125,100,16
2007,Orlando Magic,107,105,15
2007,New Orleans/Oklahoma City Hornets,103.66666666666667,106.8,15
2007,Houston Rockets,105.73333333333333,100.86666666666666,15
2007,Minnesota Timberwolves,99.07142857142857,108.14285714285714,14
2007,Sacramento Kings,97,108.06666666666666,15
2007,Portland Trail Blazers,NA,110.76470588235294,17
2007,New York Knicks,99.13333333333334,107.26666666666667,15
2006,Los Angeles Lakers,100.47058823529412,106.41176470588235,17
2006,Golden State Warriors,102.13333333333334,106.46666666666667,15
2006,Toronto Raptors,99.58823529411765,112.11764705882354,17
2006,New Orleans/Oklahoma City Hornets,96.6842105263158,107.36842105263158,19
2006,Dallas Mavericks,103.375,104.375,16
2006,Atlanta Hawks,108.4,111.73333333333333,15
2006,Boston Celtics,101.16666666666667,107.05555555555556,18
2006,Charlotte Bobcats,99.75,106.6875,16
2006,Cleveland Cavaliers,99.11764705882354,104,17
2006,Detroit Pistons,102.23529411764706,103.52941176470588,17
2006,San Antonio Spurs,NA,NA,15
2006,Philadelphia 76ers,NA,107.3529411764706,17
2006,Miami Heat,99.76470588235294,105.41176470588235,17
2006,Phoenix Suns,103.16666666666667,105.05555555555556,18
2006,Washington Wizards,104.93333333333334,107,15
2006,Denver Nuggets,96.6842105263158,106.3157894736842,19
2006,Utah Jazz,100.93333333333334,107.33333333333333,15
2006,Milwaukee Bucks,101.33333333333333,107.4,15
2006,Chicago Bulls,103.21052631578948,104.47368421052632,19
2006,New York Knicks,99.52631578947368,110.84210526315789,19
2006,Minnesota Timberwolves,96.55555555555556,105.44444444444444,18
2006,Los Angeles Clippers,97.55555555555556,104.16666666666667,18
2006,Indiana Pacers,105.6875,101.875,16
2006,Memphis Grizzlies,103,102.625,16
2006,New Jersey Nets,93.88235294117646,103,17
2006,Orlando Magic,104.44444444444444,107.33333333333333,18
2006,Sacramento Kings,106.125,104.375,16
2006,Portland Trail Blazers,100.82352941176471,111.94117647058823,17
2006,Seattle SuperSonics,104.94736842105263,114.84210526315789,19
2006,Houston Rockets,NA,NA,21
2005,Philadelphia 76ers,101.29411764705883,104.58823529411765,17
2005,New Jersey Nets,101,103.22727272727273,22
2005,Toronto Raptors,102.8125,107.9375,16
2005,Golden State Warriors,101.16666666666667,107.33333333333333,18
2005,Chicago Bulls,97.86666666666666,100.8,15
2005,Atlanta Hawks,101.45,110.7,20
2005,Boston Celtics,105.46666666666667,106.46666666666667,15
2005,Dallas Mavericks,99.375,104.6875,16
2005,Utah Jazz,101.17647058823529,109.82352941176471,17
2005,New Orleans Hornets,93.95454545454545,107.95454545454545,22
2005,New York Knicks,97.94736842105263,108.73684210526316,19
2005,Miami Heat,103.29411764705883,102.41176470588235,17
2005,Phoenix Suns,106.11111111111111,108.44444444444444,18
2005,Cleveland Cavaliers,102.1875,106.0625,16
2005,Houston Rockets,95.56521739130434,103.30434782608695,23
2005,Orlando Magic,102.16666666666667,107.66666666666667,18
2005,Memphis Grizzlies,102.93333333333334,103.73333333333333,15
2005,Denver Nuggets,107.11764705882354,104.41176470588235,17
2005,Washington Wizards,100.4375,108.25,16
2005,Minnesota Timberwolves,108.07142857142857,106.78571428571429,14
2005,Detroit Pistons,97.52941176470588,102.17647058823529,17
2005,Milwaukee Bucks,104.55555555555556,109.55555555555556,18
2005,Indiana Pacers,100.35,105.1,20
2005,Seattle SuperSonics,102.66666666666667,110,15
2005,San Antonio Spurs,98.88235294117646,98.47058823529412,17
2005,Charlotte Bobcats,98.10526315789474,107.84210526315789,19
2005,Sacramento Kings,107.11111111111111,108.44444444444444,18
2005,Los Angeles Clippers,NA,107.94444444444444,18
2005,Los Angeles Lakers,103.875,111.6875,16
2005,Portland Trail Blazers,100.41176470588235,108.3529411764706,17
2004,Philadelphia 76ers,99.64285714285714,102.21428571428571,14
2004,New Jersey Nets,88,98.6842105263158,19
2004,Golden State Warriors,93.83333333333333,104.94444444444444,18
2004,Houston Rockets,99.47058823529412,99.29411764705883,17
2004,Indiana Pacers,101.06666666666666,98.26666666666667,15
2004,Atlanta Hawks,96.30434782608695,106.26086956521739,23
2004,San Antonio Spurs,91.3529411764706,94.52941176470588,17
2004,New York Knicks,103.81818181818181,102.86363636363636,22
2004,Toronto Raptors,93.04347826086956,100.65217391304348,23
2004,Phoenix Suns,89.89473684210526,104.73684210526316,19
2004,Denver Nuggets,96.66666666666667,102.73333333333333,15
2004,Utah Jazz,100.22222222222223,103.61111111111111,18
2004,Orlando Magic,97.85714285714286,109.47619047619048,21
2004,Seattle SuperSonics,109.21428571428571,108.14285714285714,14
2004,Dallas Mavericks,103.14285714285714,106.57142857142857,14
2004,Minnesota Timberwolves,100.47058823529412,100.82352941176471,17
2004,Sacramento Kings,103.76923076923077,105.07692307692308,13
2004,Chicago Bulls,92.61904761904762,103.52380952380952,21
2004,New Orleans Hornets,94.9375,103.5625,16
2004,Detroit Pistons,93.3529411764706,96.05882352941177,17
2004,Miami Heat,95.23529411764706,102.47058823529412,17
2004,Memphis Grizzlies,94.75,102.8125,16
2004,Los Angeles Clippers,98.41176470588235,108,17
2004,Portland Trail Blazers,96.875,106.70833333333333,24
2004,Boston Celtics,105.21052631578948,104.36842105263158,19
2004,Washington Wizards,95.52941176470588,105.29411764705883,17
2004,Milwaukee Bucks,103.625,105.3125,16
2004,Los Angeles Lakers,99.47058823529412,101.76470588235294,17
2004,Cleveland Cavaliers,95.57142857142857,104.52380952380952,21
2003,Golden State Warriors,106.75,109.25,16
2003,Philadelphia 76ers,98.9375,102.9375,16
2003,New Jersey Nets,91.26666666666667,98,15
2003,Dallas Mavericks,101.88235294117646,102.88235294117646,17
2003,Denver Nuggets,90.47619047619048,102.14285714285714,21
2003,Indiana Pacers,102.86666666666666,101.53333333333333,15
2003,Atlanta Hawks,91.28571428571429,106.19047619047619,21
2003,New York Knicks,100.53846153846153,106.46153846153847,13
2003,Phoenix Suns,98.5,103,14
2003,Toronto Raptors,95.57894736842105,106.3157894736842,19
2003,Los Angeles Clippers,102,107.06666666666666,15
2003,Utah Jazz,101.38461538461539,103.76923076923077,13
2003,Orlando Magic,101.05882352941177,104.88235294117646,17
2003,Seattle SuperSonics,96.6470588235294,104,17
2003,Miami Heat,93.85714285714286,102.57142857142857,14
2003,San Antonio Spurs,98,100.66666666666667,15
2003,Washington Wizards,103.75,105,16
2003,Milwaukee Bucks,102.25,107.8125,16
2003,Minnesota Timberwolves,104.64285714285714,104.57142857142857,14
2003,Boston Celtics,93.17647058823529,102.3529411764706,17
2003,Portland Trail Blazers,103.33333333333333,102.73333333333333,15
2003,New Orleans Hornets,99.875,101.9375,16
2003,Detroit Pistons,97,100.13333333333334,15
2003,Cleveland Cavaliers,94.14285714285714,106.5,14
2003,Sacramento Kings,101.57142857142857,99.71428571428571,14
2003,Houston Rockets,100.46666666666667,102.53333333333333,15
2003,Memphis Grizzlies,96.88235294117646,108.11764705882354,17
2003,Los Angeles Lakers,101,105.64285714285714,14
2003,Chicago Bulls,98.8,105.4,15
2002,Chicago Bulls,99.05555555555556,108.11111111111111,18
2002,Philadelphia 76ers,96.94736842105263,101,19
2002,New Jersey Nets,98.6875,100.6875,16
2002,Golden State Warriors,97.86666666666666,108.33333333333333,15
2002,Dallas Mavericks,NA,106.15,20
2002,Indiana Pacers,100.5,104.72222222222223,18
2002,Atlanta Hawks,107,106.88888888888889,18
2002,New York Knicks,95.64285714285714,105.71428571428571,14
2002,Miami Heat,92.23529411764706,100.05882352941177,17
2002,Phoenix Suns,99.84210526315789,105.6842105263158,19
2002,Toronto Raptors,102.82352941176471,103.47058823529412,17
2002,San Antonio Spurs,102.26666666666667,99.8,15
2002,Cleveland Cavaliers,98.73333333333333,107.73333333333333,15
2002,Utah Jazz,103,105.57142857142857,14
2002,Orlando Magic,98.58823529411765,104.6470588235294,17
2002,Seattle SuperSonics,105.375,105.5625,16
2002,Milwaukee Bucks,102,106.92857142857143,14
2002,Minnesota Timberwolves,102.4375,105.8125,16
2002,Boston Celtics,99.25,101.375,16
2002,Denver Nuggets,101.42857142857143,107.80952380952381,21
2002,Memphis Grizzlies,91,106.94117647058823,17
2002,Charlotte Hornets,NA,103.8,15
2002,Detroit Pistons,104.26666666666667,103.13333333333334,15
2002,Sacramento Kings,101.85714285714286,101.5,14
2002,Washington Wizards,106.5,106.14285714285714,14
2002,Portland Trail Blazers,104.6,104.6,15
2002,Los Angeles Lakers,108.4,101.46666666666667,15
2002,Los Angeles Clippers,102.625,107.5625,16
2002,Houston Rockets,102.42857142857143,109.28571428571429,14
2001,Miami Heat,93.875,97.4375,16
2001,Chicago Bulls,93,107.4375,16
2001,Philadelphia 76ers,NA,100.15789473684211,19
2001,New Jersey Nets,92.47368421052632,105.26315789473684,19
2001,Golden State Warriors,89.54545454545455,107.18181818181819,22
2001,Boston Celtics,97.05882352941177,104.23529411764706,17
2001,Indiana Pacers,92.73333333333333,102.66666666666667,15
2001,Atlanta Hawks,NA,105.08695652173913,23
2001,New York Knicks,95.5,98.375,16
2001,Toronto Raptors,97.95,104.25,20
2001,Cleveland Cavaliers,95,105.95,20
2001,Orlando Magic,96.5625,101.6875,16
2001,Phoenix Suns,99.0625,98.5625,16
2001,Denver Nuggets,93.83333333333333,106.88888888888889,18
2001,Houston Rockets,NA,105.33333333333333,15
2001,Minnesota Timberwolves,101.8,104.6,15
2001,San Antonio Spurs,104.06666666666666,98.8,15
2001,Portland Trail Blazers,108.625,102.3125,16
2001,Sacramento Kings,98.78571428571429,99.42857142857143,14
2001,Charlotte Hornets,93.375,100.5625,16
2001,Detroit Pistons,97.3529411764706,101.6470588235294,17
2001,Dallas Mavericks,93.15,102.05,20
2001,Seattle SuperSonics,109.21428571428571,106,14
2001,Vancouver Grizzlies,96.2,105.6,15
2001,Los Angeles Lakers,105.26666666666667,105.33333333333333,15
2001,Los Angeles Clippers,99.06666666666666,105,15
2001,Utah Jazz,102.71428571428571,103.07142857142857,14
2001,Washington Wizards,101.66666666666667,107.42857142857143,21
2001,Milwaukee Bucks,101.6,105.13333333333334,15
2000,Los Angeles Lakers,100.06666666666666,99,15
2000,Cleveland Cavaliers,96.5,104,20
2000,Philadelphia 76ers,105.94444444444444,100.72222222222223,18
2000,Washington Wizards,104.375,106.125,16
2000,Utah Jazz,100.76923076923077,102.6923076923077,13
2000,Golden State Warriors,98.52173913043478,109.1304347826087,23
2000,Boston Celtics,101.93333333333334,106.73333333333333,15
2000,Indiana Pacers,107.85714285714286,103,14
2000,Atlanta Hawks,101,108.71428571428571,14
2000,Toronto Raptors,94.25,103.1875,16
2000,New York Knicks,90.5,100.6875,16
2000,Miami Heat,102.0625,101.6875,16
2000,Minnesota Timberwolves,105.15384615384616,104,13
2000,Phoenix Suns,100.11764705882354,99.17647058823529,17
2000,Los Angeles Clippers,96.05882352941177,110,17
2000,Orlando Magic,101.78947368421052,102.78947368421052,19
2000,Charlotte Hornets,92.29411764705883,102.82352941176471,17
2000,Houston Rockets,104.17647058823529,105.29411764705883,17
2000,Vancouver Grizzlies,100.33333333333333,108.33333333333333,15
2000,San Antonio Spurs,103.26666666666667,99.46666666666667,15
2000,Portland Trail Blazers,103.64285714285714,100.57142857142857,14
2000,Denver Nuggets,96.3529411764706,106.11764705882354,17
2000,Chicago Bulls,92.05,104.95,20
2000,Sacramento Kings,103.28571428571429,103.07142857142857,14
2000,Seattle SuperSonics,97.26666666666667,104.6,15
2000,Dallas Mavericks,NA,106.82352941176471,17
2000,Detroit Pistons,97.13333333333334,105.8,15
2000,Milwaukee Bucks,105.4,108.13333333333334,15
2000,New Jersey Nets,108.66666666666667,106.46666666666667,15
1999,Dallas Mavericks,97.78571428571429,105.07142857142857,14
1999,Philadelphia 76ers,90.22222222222223,99.33333333333333,18
1999,Seattle SuperSonics,100.9375,105.9375,16
1999,Utah Jazz,94.92857142857143,98.35714285714286,14
1999,Golden State Warriors,95,101.15384615384616,13
1999,Milwaukee Bucks,95.15,99.65,20
1999,Indiana Pacers,100.71428571428571,105,14
1999,Atlanta Hawks,100.85714285714286,99.07142857142857,14
1999,New York Knicks,95.35714285714286,98,14
1999,Miami Heat,93.94117647058823,100.17647058823529,17
1999,Phoenix Suns,101.17647058823529,104.11764705882354,17
1999,Toronto Raptors,NA,106.5,16
1999,Minnesota Timberwolves,100.4,101.9,20
1999,Boston Celtics,97.5625,102.75,16
1999,Cleveland Cavaliers,92.76470588235294,102.3529411764706,17
1999,San Antonio Spurs,105.07142857142857,96.21428571428571,14
1999,Chicago Bulls,89.8,102.86666666666666,15
1999,Orlando Magic,83.17647058823529,99.3529411764706,17
1999,Houston Rockets,97.5,104.4375,16
1999,Denver Nuggets,102.375,111.375,16
1999,Portland Trail Blazers,104.3125,97.125,16
1999,Charlotte Hornets,93.82352941176471,102.82352941176471,17
1999,Washington Wizards,NA,104.73333333333333,15
1999,Detroit Pistons,107.83333333333333,101.38888888888889,18
1999,New Jersey Nets,90.82608695652173,104.78260869565217,23
1999,Los Angeles Clippers,98.75,109.625,16
1999,Vancouver Grizzlies,93.94444444444444,109,18
1999,Sacramento Kings,96.0625,101.1875,16
1999,Los Angeles Lakers,104.6470588235294,104.76470588235294,17
1998,Dallas Mavericks,NA,107.27777777777777,18
1998,Detroit Pistons,106.25,103.8125,16
1998,Philadelphia 76ers,NA,101.22727272727273,22
1998,Seattle SuperSonics,101.75,104,16
1998,Utah Jazz,108.71428571428571,105.5,14
1998,Golden State Warriors,93.18181818181819,105.5,22
1998,Atlanta Hawks,100.375,104.5,16
1998,New York Knicks,100.75,99.4375,16
1998,Miami Heat,103.33333333333333,101.22222222222223,18
1998,Portland Trail Blazers,92.8,102.3,20
1998,Toronto Raptors,92.625,111.54166666666667,24
1998,Boston Celtics,100.16666666666667,104.72222222222223,18
1998,Milwaukee Bucks,98.6875,105.25,16
1998,Orlando Magic,97.72727272727273,105.0909090909091,22
1998,Denver Nuggets,98.4375,112.125,16
1998,Sacramento Kings,94.70588235294117,106.23529411764706,17
1998,Charlotte Hornets,96.05555555555556,106.44444444444444,18
1998,Vancouver Grizzlies,100.625,111.1875,16
1998,Minnesota Timberwolves,104.6875,107.875,16
1998,Indiana Pacers,97.28571428571429,100.64285714285714,14
1998,Phoenix Suns,104.46666666666667,101.33333333333333,15
1998,San Antonio Spurs,99.66666666666667,99.8,15
1998,Washington Wizards,103.75,106,16
1998,Chicago Bulls,108.76470588235294,101.41176470588235,17
1998,Cleveland Cavaliers,98.0625,100.5625,16
1998,Los Angeles Clippers,100.6,111.26666666666667,15
1998,Houston Rockets,107.21428571428571,109.14285714285714,14
1998,New Jersey Nets,100.22222222222223,107.27777777777777,18
1998,Los Angeles Lakers,108.38461538461539,103.07692307692308,13
1997,Phoenix Suns,102.78260869565217,109.04347826086956,23
1997,Dallas Mavericks,95.14814814814815,108.11111111111111,27
1997,Portland Trail Blazers,103.05263157894737,103.52631578947368,19
1997,Detroit Pistons,105.625,104.125,16
1997,Denver Nuggets,94.34782608695652,111.47826086956522,23
1997,Vancouver Grizzlies,98.0625,111.375,16
1997,Toronto Raptors,101.14285714285714,108.95238095238095,21
1997,Milwaukee Bucks,96.52941176470588,108.47058823529412,17
1997,Utah Jazz,103.26666666666667,104.66666666666667,15
1997,New Jersey Nets,NA,109.82608695652173,23
1997,Philadelphia 76ers,106.25,111.5,16
1997,Atlanta Hawks,93.11764705882354,102.76470588235294,17
1997,New York Knicks,104.23076923076923,101.6923076923077,13
1997,Miami Heat,NA,99,19
1997,Boston Celtics,101.94444444444444,111.66666666666667,18
1997,Orlando Magic,100.88235294117646,107.23529411764706,17
1997,Golden State Warriors,97.5,113.25,16
1997,Charlotte Hornets,99.94444444444444,109.33333333333333,18
1997,Indiana Pacers,99.26315789473684,104.73684210526316,19
1997,Seattle SuperSonics,100.6875,102.25,16
1997,Cleveland Cavaliers,101.46153846153847,102.46153846153847,13
1997,Washington Bullets,94.26666666666667,102.66666666666667,15
1997,San Antonio Spurs,101.85,112.6,20
1997,Chicago Bulls,107,101.86666666666666,15
1997,Sacramento Kings,98.0625,107.875,16
1997,Los Angeles Clippers,102.73333333333333,108.2,15
1997,Houston Rockets,107.16666666666667,103,18
1997,Los Angeles Lakers,105.88235294117646,102.6470588235294,17
1997,Minnesota Timberwolves,106.46153846153847,107.46153846153847,13
1996,Phoenix Suns,103.70588235294117,109.88235294117646,17
1996,Portland Trail Blazers,100.4,103.53333333333333,15
1996,Toronto Raptors,101.15789473684211,111.94736842105263,19
1996,Utah Jazz,106.35714285714286,106.57142857142857,14
1996,Indiana Pacers,107.14285714285714,106.71428571428571,14
1996,Atlanta Hawks,101.88888888888889,107.22222222222223,18
1996,Detroit Pistons,106.71428571428571,104.71428571428571,14
1996,Miami Heat,100.9090909090909,104.22727272727273,22
1996,Milwaukee Bucks,98.88235294117646,110.23529411764706,17
1996,Boston Celtics,94.55555555555556,109.33333333333333,18
1996,Houston Rockets,107.88888888888889,109.27777777777777,18
1996,Golden State Warriors,109.17647058823529,110.47058823529412,17
1996,Minnesota Timberwolves,98.23529411764706,110,17
1996,Orlando Magic,104.0625,106.25,16
1996,Vancouver Grizzlies,97.55555555555556,108.55555555555556,18
1996,Charlotte Hornets,NA,111.23809523809524,21
1996,New York Knicks,105.05882352941177,103.58823529411765,17
1996,Los Angeles Lakers,106.14285714285714,106.64285714285714,14
1996,Los Angeles Clippers,102.14285714285714,110.5,14
1996,Cleveland Cavaliers,104.13333333333334,107.8,15
1996,Denver Nuggets,95.41176470588235,108.41176470588235,17
1996,New Jersey Nets,100.27777777777777,106.77777777777777,18
1996,San Antonio Spurs,101.93333333333334,103.6,15
1996,Chicago Bulls,106.86666666666666,102.26666666666667,15
1996,Sacramento Kings,104.6875,108.75,16
1996,Washington Bullets,NA,106.76190476190476,21
1996,Dallas Mavericks,103.8,111.53333333333333,15
1996,Philadelphia 76ers,101.625,113.29166666666667,24
1996,Seattle SuperSonics,107.38461538461539,102.38461538461539,13
1995,Phoenix Suns,109.13333333333334,111.06666666666666,15
1995,Portland Trail Blazers,108.875,106.5625,16
1995,Milwaukee Bucks,105.57142857142857,111,14
1995,Boston Celtics,106.47058823529412,111.05882352941177,17
1995,Utah Jazz,106.26666666666667,106.53333333333333,15
1995,Houston Rockets,106.82352941176471,108,17
1995,Sacramento Kings,100,106.53333333333333,15
1995,Philadelphia 76ers,90.78947368421052,111.3157894736842,19
1995,Detroit Pistons,103.75,112.6875,16
1995,Charlotte Hornets,104.6875,106.6875,16
1995,Atlanta Hawks,95,104.11111111111111,18
1995,Minnesota Timberwolves,98.44444444444444,111.83333333333333,18
1995,Orlando Magic,108.6,107.66666666666667,15
1995,New York Knicks,96,103.5,16
1995,Los Angeles Lakers,115.3125,108.875,16
1995,Washington Bullets,104,111,16
1995,Indiana Pacers,101.46666666666667,105.66666666666667,15
1995,New Jersey Nets,96.33333333333333,108.46666666666667,15
1995,San Antonio Spurs,99.625,106,16
1995,Chicago Bulls,106.875,104.625,16
1995,Seattle SuperSonics,102.78571428571429,106.71428571428571,14
1995,Miami Heat,108.53333333333333,110.46666666666667,15
1995,Denver Nuggets,102.82352941176471,106.82352941176471,17
1995,Los Angeles Clippers,98.6875,110.875,16
1995,Cleveland Cavaliers,103.73333333333333,103.93333333333334,15
1995,Golden State Warriors,108.16666666666667,112.5,18
1995,Dallas Mavericks,107.78571428571429,110.78571428571429,14
1994,Phoenix Suns,102.47058823529412,107.82352941176471,17
1994,Utah Jazz,105.42105263157895,105.78947368421052,19
1994,Boston Celtics,102.86666666666666,108.4,15
1994,Atlanta Hawks,105.93333333333334,103.13333333333334,15
1994,Denver Nuggets,91.52941176470588,103.58823529411765,17
1994,Miami Heat,98.2,106.66666666666667,15
1994,Detroit Pistons,105.77777777777777,109.55555555555556,18
1994,Charlotte Hornets,100.3157894736842,108.63157894736842,19
1994,Seattle SuperSonics,110,101.57142857142857,14
1994,Golden State Warriors,111.4375,106.9375,16
1994,Sacramento Kings,100.52941176470588,108.76470588235294,17
1994,Washington Bullets,107.05,111.8,20
1994,Minnesota Timberwolves,99.4375,108.6875,16
1994,Orlando Magic,97.5,105.38888888888889,18
1994,Milwaukee Bucks,97.875,109.25,16
1994,New York Knicks,106.3125,99.1875,16
1994,Los Angeles Lakers,103.75,109.1875,16
1994,San Antonio Spurs,104.5,106.07142857142857,14
1994,Indiana Pacers,102.3125,104,16
1994,New Jersey Nets,100.8125,105.0625,16
1994,Chicago Bulls,102.625,103,16
1994,Philadelphia 76ers,94.58823529411765,109.17647058823529,17
1994,Los Angeles Clippers,101.58823529411765,108.94117647058823,17
1994,Cleveland Cavaliers,101.82352941176471,104.82352941176471,17
1994,Portland Trail Blazers,103.57142857142857,106.07142857142857,14
1994,Houston Rockets,100.26666666666667,101.6,15
1994,Dallas Mavericks,106.66666666666667,109.22222222222223,18
1993,Los Angeles Lakers,103.42857142857143,108.92857142857143,14
1993,Atlanta Hawks,98.17647058823529,109.88235294117646,17
1993,Milwaukee Bucks,104.89473684210526,108.36842105263158,19
1993,Boston Celtics,101.47058823529412,107.41176470588235,17
1993,Washington Bullets,107.63157894736842,111.05263157894737,19
1993,Miami Heat,107.46153846153847,108.76923076923077,13
1993,Phoenix Suns,105,106.66666666666667,15
1993,Los Angeles Clippers,93.13333333333334,108.06666666666666,15
1993,Charlotte Hornets,104.46666666666667,109.4,15
1993,Golden State Warriors,106.85,110.7,20
1993,Detroit Pistons,100.8125,108.5625,16
1993,Philadelphia 76ers,100.07142857142857,110.14285714285714,14
1993,Sacramento Kings,106.8125,110.1875,16
1993,Orlando Magic,103.5,107.125,16
1993,New York Knicks,103.46153846153847,99.6923076923077,13
1993,San Antonio Spurs,103.875,107.5,16
1993,Chicago Bulls,105.23529411764706,105.70588235294117,17
1993,Seattle SuperSonics,110.5,105.07142857142857,14
1993,New Jersey Nets,106.77777777777777,105.55555555555556,18
1993,Minnesota Timberwolves,96.2,112.93333333333334,15
1993,Cleveland Cavaliers,108.92857142857143,105.35714285714286,14
1993,Dallas Mavericks,97.83333333333333,114.33333333333333,18
1993,Denver Nuggets,102.42857142857143,106.92857142857143,14
1993,Portland Trail Blazers,103.57142857142857,105.92857142857143,14
1993,Houston Rockets,101.42857142857143,106.28571428571429,14
1993,Indiana Pacers,108,109.92307692307692,13
1993,Utah Jazz,103.2,107.73333333333333,15
1992,Los Angeles Lakers,99.73333333333333,109,15
1992,Washington Bullets,96,107.9375,16
1992,Portland Trail Blazers,107.85714285714286,104.42857142857143,14
1992,Miami Heat,107.3125,111.6875,16
1992,Atlanta Hawks,107.6,109.4,15
1992,Golden State Warriors,NA,109.57894736842105,19
1992,Milwaukee Bucks,105.57142857142857,109.57142857142857,14
1992,Phoenix Suns,109.6923076923077,106.23076923076923,13
1992,Sacramento Kings,108.625,110.5625,16
1992,Orlando Magic,98.29411764705883,110.76470588235294,17
1992,Denver Nuggets,103.13333333333334,109.2,15
1992,Charlotte Hornets,NA,110.55555555555556,18
1992,New York Knicks,98.66666666666667,105.06666666666666,15
1992,San Antonio Spurs,106.5,105.8,20
1992,Philadelphia 76ers,97.9375,110.1875,16
1992,Houston Rockets,NA,110.25,16
1992,Chicago Bulls,103.875,106.25,16
1992,Seattle SuperSonics,106.64285714285714,109.42857142857143,14
1992,Detroit Pistons,102.85714285714286,105.21428571428571,14
1992,Utah Jazz,105.28571428571429,106.64285714285714,14
1992,Los Angeles Clippers,97.6470588235294,104.82352941176471,17
1992,Cleveland Cavaliers,108.6875,109.3125,16
1992,Dallas Mavericks,100.11764705882354,110.88235294117646,17
1992,Boston Celtics,107.61111111111111,107.83333333333333,18
1992,New Jersey Nets,105.92307692307692,109.23076923076923,13
1992,Indiana Pacers,106.4,109.8,15
1992,Minnesota Timberwolves,103.25,111.8125,16
1991,Los Angeles Lakers,105.15384615384616,105.3076923076923,13
1991,Washington Bullets,103.26666666666667,109,15
1991,Boston Celtics,106.53333333333333,107.06666666666666,15
1991,Houston Rockets,102.92857142857143,104.14285714285714,14
1991,Milwaukee Bucks,110.25,108.1875,16
1991,Portland Trail Blazers,109.84615384615384,104.6923076923077,13
1991,Miami Heat,101.42857142857143,108.28571428571429,14
1991,Dallas Mavericks,109.46666666666667,108.86666666666666,15
1991,Golden State Warriors,105.16666666666667,110.66666666666667,18
1991,Philadelphia 76ers,95.55555555555556,109.05555555555556,18
1991,Phoenix Suns,117.375,106.4375,16
1991,Utah Jazz,103.53333333333333,105.66666666666667,15
1991,Sacramento Kings,100.72222222222223,110,18
1991,Denver Nuggets,105.95238095238095,115.0952380952381,21
1991,Charlotte Hornets,101.82352941176471,110.3529411764706,17
1991,San Antonio Spurs,100.47058823529412,104.05882352941177,17
1991,Chicago Bulls,111.16666666666667,105.66666666666667,12
1991,Los Angeles Clippers,98.8125,106.5625,16
1991,Seattle SuperSonics,107.375,108.125,16
1991,Detroit Pistons,106.64285714285714,104.92857142857143,14
1991,Minnesota Timberwolves,100.78571428571429,110.71428571428571,14
1991,Cleveland Cavaliers,99.5,110.125,16
1991,New York Knicks,102.92857142857143,107.42857142857143,14
1991,Indiana Pacers,114.07142857142857,112.21428571428571,14
1991,New Jersey Nets,105.9375,107.5,16
1991,Orlando Magic,97.21428571428571,109.64285714285714,14
1991,Atlanta Hawks,106.85714285714286,110.21428571428571,14
1990,Los Angeles Lakers,108.46666666666667,107.53333333333333,15
1990,Minnesota Timberwolves,92.66666666666667,108,15
1990,Houston Rockets,98.8125,103.5,16
1990,Dallas Mavericks,109.4,108.33333333333333,15
1990,Denver Nuggets,107.5,106.5,14
1990,Atlanta Hawks,107.66666666666667,112.38888888888889,18
1990,Golden State Warriors,100.33333333333333,112.44444444444444,18
1990,Milwaukee Bucks,98.61111111111111,108.88888888888889,18
1990,Los Angeles Clippers,94.6,107.3,20
1990,Charlotte Hornets,100.75,110.1,20
1990,Phoenix Suns,104.3125,107.3125,16
1990,New Jersey Nets,95.78947368421052,108.73684210526316,19
1990,Sacramento Kings,94.6875,109.6875,16
1990,Seattle SuperSonics,108.4,110.53333333333333,15
1990,Chicago Bulls,103.28571428571429,110.21428571428571,14
1990,Washington Bullets,106.61538461538461,109.53846153846153,13
1990,Detroit Pistons,100.42857142857143,103.64285714285714,14
1990,Miami Heat,99.84615384615384,109.38461538461539,13
1990,Utah Jazz,98.2,106.86666666666666,15
1990,Philadelphia 76ers,94.75,109.6875,16
1990,Cleveland Cavaliers,101.6470588235294,107.76470588235294,17
1990,New York Knicks,101.6,108.6,15
1990,Portland Trail Blazers,107.53846153846153,104.46153846153847,13
1990,San Antonio Spurs,99.8125,105.5625,16
1990,Indiana Pacers,106.23076923076923,111.38461538461539,13
1990,Boston Celtics,108.15384615384616,108.84615384615384,13
1990,Orlando Magic,101.07142857142857,113.42857142857143,14
1989,Los Angeles Lakers,108.58333333333333,106.83333333333333,12
1989,Portland Trail Blazers,101.82352941176471,108.52941176470588,17
1989,Detroit Pistons,113.76470588235294,104.17647058823529,17
1989,Dallas Mavericks,104.375,108.3125,16
1989,San Antonio Spurs,88.63636363636364,109.77272727272727,22
1989,Denver Nuggets,102.875,106.8125,16
1989,Houston Rockets,99.42857142857143,105.57142857142857,14
1989,Seattle SuperSonics,100.35714285714286,108.78571428571429,14
1989,Milwaukee Bucks,106.41176470588235,106.41176470588235,17
1989,Phoenix Suns,101.41176470588235,107.3529411764706,17
1989,Indiana Pacers,101.11764705882354,111.76470588235294,17
1989,Chicago Bulls,NA,109.25,16
1989,Miami Heat,97.82352941176471,109.52941176470588,17
1989,Atlanta Hawks,104,106.84615384615384,13
1989,Los Angeles Clippers,90.55,110.65,20
1989,Utah Jazz,90.8,103.2,15
1989,Philadelphia 76ers,107.5,111.625,16
1989,Sacramento Kings,102,110,17
1989,Golden State Warriors,104.29411764705883,106.94117647058823,17
1989,Washington Bullets,103.53846153846153,108.6923076923077,13
1989,New Jersey Nets,100.6,109.2,15
1989,Cleveland Cavaliers,106.08333333333333,103.41666666666667,12
1989,Boston Celtics,107,109.76470588235294,17
1989,Charlotte Hornets,104.6875,112.1875,16
1989,New York Knicks,108.6923076923077,108.23076923076923,13
1988,Los Angeles Lakers,116.13333333333334,108,15
1988,New Jersey Nets,97.55,109.35,20
1988,Detroit Pistons,97,105.6,15
1988,Philadelphia 76ers,103.27777777777777,110.88888888888889,18
1988,Denver Nuggets,100,106.5625,16
1988,Houston Rockets,106.6875,106.4375,16
1988,Seattle SuperSonics,110.23076923076923,107.84615384615384,13
1988,Phoenix Suns,103.10526315789474,110.94736842105263,19
1988,San Antonio Spurs,105.05263157894737,113.52631578947368,19
1988,Milwaukee Bucks,95.45,108.7,20
1988,Atlanta Hawks,109.93333333333334,107.13333333333334,15
1988,Chicago Bulls,NA,106.33333333333333,15
1988,Boston Celtics,108.125,109.5625,16
1988,Utah Jazz,98.06666666666666,104.33333333333333,15
1988,Golden State Warriors,100.14285714285714,112.47619047619048,21
1988,Los Angeles Clippers,99.05,107.55,20
1988,Washington Bullets,102.15384615384616,107.07692307692308,13
1988,New York Knicks,94.05,105.75,20
1988,Dallas Mavericks,108.58333333333333,107.25,12
1988,Cleveland Cavaliers,99.76470588235294,106.29411764705883,17
1988,Indiana Pacers,102.38461538461539,106.76923076923077,13
1988,Portland Trail Blazers,100.6875,108.3125,16
1988,Sacramento Kings,103.3125,112.1875,16
1987,Los Angeles Lakers,111.38461538461539,106.46153846153847,13
1987,Detroit Pistons,104.73333333333333,104.33333333333333,15
1987,Dallas Mavericks,109.23076923076923,108.6923076923077,13
1987,New Jersey Nets,101.17647058823529,110.88235294117646,17
1987,Denver Nuggets,103.71428571428571,110.71428571428571,14
1987,Houston Rockets,103.2,106.4,15
1987,Seattle SuperSonics,110.86666666666666,110.4,15
1987,Phoenix Suns,105,110.5,14
1987,San Antonio Spurs,102.11764705882354,110.94117647058823,17
1987,Boston Celtics,97.0625,108,16
1987,Philadelphia 76ers,102.3125,109.0625,16
1987,Washington Bullets,101.13333333333334,107.53333333333333,15
1987,Atlanta Hawks,102.46666666666667,106.26666666666667,15
1987,Golden State Warriors,104.64285714285714,111.71428571428571,14
1987,Cleveland Cavaliers,99.2,106.66666666666667,15
1987,Chicago Bulls,99.11764705882354,107.82352941176471,17
1987,Los Angeles Clippers,97.23529411764706,112.23529411764706,17
1987,New York Knicks,100.77777777777777,111.55555555555556,18
1987,Utah Jazz,103.33333333333333,104.08333333333333,12
1987,Sacramento Kings,99.33333333333333,112.26666666666667,15
1987,Portland Trail Blazers,106.05882352941177,106.94117647058823,17
1987,Milwaukee Bucks,101.5,105.45454545454545,22
1987,Indiana Pacers,101.06666666666666,106,15
1986,Los Angeles Lakers,107.33333333333333,105.26666666666667,15
1986,Utah Jazz,99.07142857142857,105.21428571428571,14
1986,Seattle SuperSonics,97.8125,105.9375,16
1986,New Jersey Nets,109.26666666666667,107.13333333333334,15
1986,Denver Nuggets,105.58333333333333,105.83333333333333,12
1986,San Antonio Spurs,100.22222222222223,108.94444444444444,18
1986,Houston Rockets,107.6923076923077,108,13
1986,Milwaukee Bucks,105.6875,103.1875,16
1986,Phoenix Suns,95.29411764705883,107.58823529411765,17
1986,Philadelphia 76ers,94.5,108.27777777777777,18
1986,Atlanta Hawks,103.4375,106.125,16
1986,Cleveland Cavaliers,102.88235294117646,109,17
1986,Los Angeles Clippers,94,111.52631578947368,19
1986,New York Knicks,95.9375,104.4375,16
1986,Indiana Pacers,100.28571428571429,105.57142857142857,14
1986,Detroit Pistons,96.42857142857143,108.28571428571429,14
1986,Boston Celtics,104.38461538461539,102.92307692307692,13
1986,Dallas Mavericks,108.42857142857143,110.85714285714286,14
1986,Chicago Bulls,105.05882352941177,112.76470588235294,17
1986,Portland Trail Blazers,105,108.38461538461539,13
1986,Sacramento Kings,102,108.42857142857143,14
1986,Washington Bullets,98,103.47368421052632,19
1986,Golden State Warriors,99.57142857142857,111.57142857142857,14
1985,Utah Jazz,97.26666666666667,103.6,15
1985,Seattle SuperSonics,94.46666666666667,108.13333333333334,15
1985,New Jersey Nets,104.52941176470588,108.17647058823529,17
1985,Denver Nuggets,108.83333333333333,108.33333333333333,12
1985,Houston Rockets,105.35714285714286,107.07142857142857,14
1985,Milwaukee Bucks,101.16666666666667,104.55555555555556,18
1985,Phoenix Suns,98.33333333333333,107.4,15
1985,San Antonio Spurs,104.70588235294117,110,17
1985,Philadelphia 76ers,105.92857142857143,107.5,14
1985,Atlanta Hawks,98.88888888888889,108.5,18
1985,Portland Trail Blazers,106.66666666666667,106.83333333333333,12
1985,Cleveland Cavaliers,98.15789473684211,108.73684210526316,19
1985,New York Knicks,98.76923076923077,109,13
1985,Indiana Pacers,98.66666666666667,107.46666666666667,15
1985,Detroit Pistons,94.23529411764706,108.3529411764706,17
1985,Los Angeles Clippers,99.92857142857143,110.42857142857143,14
1985,Kansas City Kings,108.0625,112.5625,16
1985,Los Angeles Lakers,98.71428571428571,107.14285714285714,14
1985,Dallas Mavericks,103.41666666666667,109.83333333333333,12
1985,Chicago Bulls,101.5,109.14285714285714,14
1985,Boston Celtics,105.15384615384616,107.07692307692308,13
1985,Washington Bullets,98.2,104.53333333333333,15
1985,Golden State Warriors,104.38461538461539,113.15384615384616,13
1984,Utah Jazz,105.08333333333333,107.91666666666667,12
1984,Seattle SuperSonics,102.78571428571429,108.71428571428571,14
1984,New Jersey Nets,104.14285714285714,106.21428571428571,14
1984,Denver Nuggets,103.14285714285714,112.21428571428571,14
1984,Houston Rockets,103.6923076923077,108.61538461538461,13
1984,Milwaukee Bucks,109.25,104.4375,16
1984,Phoenix Suns,104.64285714285714,108.14285714285714,14
1984,Philadelphia 76ers,92.8,105.66666666666667,15
1984,Atlanta Hawks,101.88235294117646,107.29411764705883,17
1984,San Antonio Spurs,108.3,111.7,20
1984,Portland Trail Blazers,106.92307692307692,107.23076923076923,13
1984,Cleveland Cavaliers,102,108.46153846153847,13
1984,New York Knicks,104.23076923076923,103.15384615384616,13
1984,Dallas Mavericks,103.84615384615384,109.38461538461539,13
1984,Detroit Pistons,105.42857142857143,108.28571428571429,14
1984,San Diego Clippers,NA,113,16
1984,Kansas City Kings,107.2,107.8,15
1984,Los Angeles Lakers,104.35714285714286,106.71428571428571,14
1984,Indiana Pacers,98.64285714285714,107.14285714285714,14
1984,Washington Bullets,95.85714285714286,107.42857142857143,14
1984,Boston Celtics,104.58333333333333,105,12
1984,Golden State Warriors,103.53333333333333,108.86666666666666,15
1984,Chicago Bulls,100.3076923076923,107.46153846153847,13
1983,Utah Jazz,99.57142857142857,105.5,14
1983,San Diego Clippers,100.5,109.38888888888889,18
1983,New Jersey Nets,98.41176470588235,99.6470588235294,17
1983,Denver Nuggets,103.64285714285714,108.92857142857143,14
1983,Dallas Mavericks,107,109.6923076923077,13
1983,Houston Rockets,94.5,108.21428571428571,14
1983,Milwaukee Bucks,102,101.5625,16
1983,Phoenix Suns,101.92857142857143,101,14
1983,Philadelphia 76ers,101.28571428571429,101.14285714285714,14
1983,San Antonio Spurs,101.22222222222223,106.22222222222223,18
1983,Portland Trail Blazers,102.57142857142857,104.42857142857143,14
1983,New York Knicks,100.14285714285714,99.14285714285714,14
1983,Detroit Pistons,98.66666666666667,105.77777777777777,18
1983,Indiana Pacers,101.07692307692308,108.92307692307692,13
1983,Washington Bullets,93.36842105263158,100.26315789473684,19
1983,Los Angeles Lakers,97.5,105.9375,16
1983,Cleveland Cavaliers,97.66666666666667,106.55555555555556,18
1983,Kansas City Kings,105.21428571428571,104.5,14
1983,Boston Celtics,100.07692307692308,102.6923076923077,13
1983,Golden State Warriors,100.10526315789474,108.15789473684211,19
1983,Atlanta Hawks,98,104.3529411764706,17
1983,Seattle SuperSonics,104.53846153846153,103.23076923076923,13
1983,Chicago Bulls,98.53333333333333,107.66666666666667,15
1982,Utah Jazz,101.53846153846153,112,13
1982,Atlanta Hawks,103.0625,104.875,16
1982,San Diego Clippers,103,114.58823529411765,17
1982,Detroit Pistons,98.72222222222223,106.55555555555556,18
1982,New Jersey Nets,98.625,103.25,16
1982,New York Knicks,100.86666666666666,109.26666666666667,15
1982,Denver Nuggets,109.61538461538461,114.07692307692308,13
1982,Dallas Mavericks,103.53846153846153,110.23076923076923,13
1982,Houston Rockets,103.46153846153847,108.46153846153847,13
1982,Milwaukee Bucks,95.82352941176471,103.52941176470588,17
1982,Phoenix Suns,104.84615384615384,102.46153846153847,13
1982,Philadelphia 76ers,106.23076923076923,103.92307692307692,13
1982,Seattle SuperSonics,103.6875,103.1875,16
1982,Chicago Bulls,103.92857142857143,108.14285714285714,14
1982,Golden State Warriors,107.23076923076923,107.3076923076923,13
1982,Cleveland Cavaliers,96.82608695652173,111.52173913043478,23
1982,Indiana Pacers,99.53846153846153,104.46153846153847,13
1982,Portland Trail Blazers,100.66666666666667,108.8,15
1982,Los Angeles Lakers,104.64285714285714,105.64285714285714,14
1982,Washington Bullets,99.3076923076923,102.92307692307692,13
1982,Boston Celtics,104.21428571428571,104.35714285714286,14
1982,Kansas City Kings,100.5625,106.25,16
1982,San Antonio Spurs,107.41176470588235,108,17
1981,Dallas Mavericks,92.42857142857143,110.71428571428571,21
1981,Utah Jazz,96.5,108.875,16
1981,Los Angeles Lakers,101.78571428571429,103.85714285714286,14
1981,Denver Nuggets,100.125,109.1875,16
1981,Houston Rockets,100.92307692307692,107.76923076923077,13
1981,Phoenix Suns,103,99.45454545454545,11
1981,Washington Bullets,93.05555555555556,102.83333333333333,18
1981,Philadelphia 76ers,113.38461538461539,99.46153846153847,13
1981,Atlanta Hawks,100.13333333333334,107.26666666666667,15
1981,Seattle SuperSonics,96.4,105.46666666666667,15
1981,Chicago Bulls,102.15384615384616,106,13
1981,Golden State Warriors,98.88235294117646,110.52941176470588,17
1981,New York Knicks,103.54545454545455,105.18181818181819,11
1981,Cleveland Cavaliers,98.72222222222223,108.55555555555556,18
1981,Indiana Pacers,100.57142857142857,105,14
1981,Portland Trail Blazers,101.07142857142857,105.14285714285714,14
1981,New Jersey Nets,99.35714285714286,105.92857142857143,14
1981,Milwaukee Bucks,106.9090909090909,101.72727272727273,11
1981,Detroit Pistons,88.6875,104.625,16
1981,San Diego Clippers,94.35714285714286,107.92857142857143,14
1981,Boston Celtics,102.58333333333333,103.58333333333333,12
1981,San Antonio Spurs,107.35714285714286,105.5,14
1981,Kansas City Kings,101.42857142857143,104.64285714285714,14
1980,Portland Trail Blazers,101.2,103.93333333333334,15
1980,Utah Jazz,97.8,110.65,20
1980,Philadelphia 76ers,97.21428571428571,102.92857142857143,14
1980,Indiana Pacers,97.8125,105.75,16
1980,Denver Nuggets,101.93333333333334,107.53333333333333,15
1980,Houston Rockets,102.53333333333333,108.46666666666667,15
1980,Phoenix Suns,103.25,101.75,12
1980,Atlanta Hawks,99.2,102.8,15
1980,Chicago Bulls,104.33333333333333,107,15
1980,Cleveland Cavaliers,99.06666666666666,106.8,15
1980,New York Knicks,103.23076923076923,108.46153846153847,13
1980,Kansas City Kings,99.07142857142857,101.28571428571429,14
1980,San Diego Clippers,96.8,110.26666666666667,15
1980,San Antonio Spurs,100.53333333333333,108.8,15
1980,Washington Bullets,98.11764705882354,105.88235294117646,17
1980,New Jersey Nets,100.625,103.0625,16
1980,Detroit Pistons,101.41176470588235,109.11764705882354,17
1980,Milwaukee Bucks,106.25,102.66666666666667,12
1980,Los Angeles Lakers,99.8,104.53333333333333,15
1980,Golden State Warriors,96.78571428571429,106.78571428571429,14
1980,Boston Celtics,107.58333333333333,102.33333333333333,12
1980,Seattle SuperSonics,103.27272727272727,101.36363636363636,11
1979,New Orleans Jazz,95.66666666666667,105.73333333333333,15
1979,Los Angeles Lakers,101.53846153846153,103.84615384615384,13
1979,New Jersey Nets,97.57142857142857,102.21428571428571,14
1979,Philadelphia 76ers,93.28571428571429,101.07142857142857,14
1979,Indiana Pacers,102.46153846153847,104.46153846153847,13
1979,San Antonio Spurs,104.75,102.41666666666667,12
1979,Houston Rockets,111.15384615384616,107.61538461538461,13
1979,Phoenix Suns,102.07692307692308,102.76923076923077,13
1979,Chicago Bulls,90.07142857142857,106,14
1979,Detroit Pistons,91.5,103.9,20
1979,Denver Nuggets,98.15384615384616,102.92307692307692,13
1979,Atlanta Hawks,102.6923076923077,103.61538461538461,13
1979,Cleveland Cavaliers,102.07142857142857,107.5,14
1979,Kansas City Kings,99.64285714285714,101.71428571428571,14
1979,Boston Celtics,97.27777777777777,106.44444444444444,18
1979,San Diego Clippers,92.46666666666667,108.26666666666667,15
1979,Washington Bullets,104.5,103.58333333333333,12
1979,Portland Trail Blazers,99.13333333333334,103.33333333333333,15
1979,New York Knicks,98.875,105.0625,16
1979,Milwaukee Bucks,NA,104.57142857142857,14
1979,Golden State Warriors,99.71428571428571,102.35714285714286,14
1979,Seattle SuperSonics,102.5,101.07142857142857,14
1978,New Orleans Jazz,98.15384615384616,100.76923076923077,13
1978,Indiana Pacers,103.47058823529412,103,17
1978,Los Angeles Lakers,98.6875,101.25,16
1978,Detroit Pistons,98.33333333333333,101.88888888888889,18
1978,Seattle SuperSonics,89.53333333333333,99.13333333333334,15
1978,New Jersey Nets,91.05555555555556,100.83333333333333,18
1978,Milwaukee Bucks,99.35714285714286,102.92857142857143,14
1978,San Antonio Spurs,99.35714285714286,102.57142857142857,14
1978,Houston Rockets,94.63157894736842,106.89473684210526,19
1978,Phoenix Suns,96.58333333333333,97.33333333333333,12
1978,Kansas City Kings,93.8,102.26666666666667,15
1978,Denver Nuggets,97.26666666666667,101.06666666666666,15
1978,Atlanta Hawks,98.23076923076923,99.92307692307692,13
1978,Chicago Bulls,91.4375,103.875,16
1978,Cleveland Cavaliers,97.75,99.91666666666667,12
1978,Portland Trail Blazers,100.26666666666667,97.93333333333334,15
1978,Buffalo Braves,96.5,103.88888888888889,18
1978,Boston Celtics,90.83333333333333,100.11111111111111,18
1978,Washington Bullets,99.41666666666667,100.91666666666667,12
1978,New York Knicks,102.08333333333333,102.5,12
1978,Philadelphia 76ers,97.28571428571429,99.85714285714286,14
1978,Golden State Warriors,97,99.5,14
1977,New Orleans Jazz,NA,99.5,14
1977,Buffalo Braves,NA,101.52631578947368,19
1977,Detroit Pistons,NA,101.57142857142857,14
1977,New York Nets,NA,98.77777777777777,18
1977,Milwaukee Bucks,NA,103.29411764705883,17
1977,San Antonio Spurs,NA,103.07142857142857,14
1977,Los Angeles Lakers,NA,100.06666666666666,15
1977,Phoenix Suns,NA,97.84615384615384,13
1977,Kansas City Kings,NA,100.25,12
1977,Atlanta Hawks,NA,101.5625,16
1977,Chicago Bulls,NA,98.58823529411765,17
1977,Cleveland Cavaliers,NA,98.8,15
1977,New York Knicks,NA,100.5625,16
1977,Portland Trail Blazers,NA,98.92307692307692,13
1977,Indiana Pacers,NA,101.9375,16
1977,Seattle SuperSonics,NA,99,15
1977,Washington Bullets,NA,99.13333333333334,15
1977,Denver Nuggets,NA,96.78571428571429,14
1977,Boston Celtics,NA,98.38461538461539,13
1977,Philadelphia 76ers,NA,98.07142857142857,14
1977,Houston Rockets,NA,103,14
1977,Golden State Warriors,NA,99.5,14
1976,New Orleans Jazz,NA,97.3076923076923,13
1976,Seattle SuperSonics,NA,99.33333333333333,15
1976,Detroit Pistons,NA,100.5,16
1976,New York Nets,102,101.92857142857143,14
1976,Utah Stars,106.08333333333333,108.66666666666667,12
1976,San Antonio Spurs,111.9375,104.125,16
1976,Kentucky Colonels,96,102.61111111111111,18
1976,Phoenix Suns,NA,98.4,15
1976,Cleveland Cavaliers,NA,96.86666666666666,15
1976,Portland Trail Blazers,NA,98.33333333333333,15
1976,Spirits of St. Louis,101.5,104.5,18
1976,New York Knicks,NA,98.73333333333333,15
1976,Indiana Pacers,100.06666666666666,104.86666666666666,15
1976,Kansas City Kings,NA,99.78571428571429,14
1976,Atlanta Hawks,NA,101,13
1976,Philadelphia 76ers,NA,98.6,15
1976,Virginia Squires,96.61111111111111,108.27777777777777,18
1976,San Diego Sails,96.27272727272727,104.0909090909091,11
1976,Milwaukee Bucks,NA,99.5,12
1976,Chicago Bulls,NA,97.1875,16
1976,Buffalo Braves,NA,99.13333333333334,15
1976,Denver Nuggets,100.42857142857143,103.57142857142857,14
1976,Golden State Warriors,NA,94.83333333333333,12
1976,Los Angeles Lakers,NA,99.17647058823529,17
1976,Houston Rockets,NA,101.15384615384616,13
1976,Boston Celtics,NA,97.84615384615384,13
1976,Washington Bullets,NA,96.41666666666667,12
1975,New Orleans Jazz,NA,98.63636363636364,22
1975,Detroit Pistons,NA,99.64285714285714,14
1975,New York Nets,101.33333333333333,99.75,12
1975,Utah Stars,96.78571428571429,105.28571428571429,14
1975,Philadelphia 76ers,NA,99.125,16
1975,Seattle SuperSonics,NA,98.35714285714286,14
1975,San Diego Conquistadors,100.13333333333334,108.93333333333334,15
1975,Kentucky Colonels,102.76923076923077,98.84615384615384,13
1975,Virginia Squires,94.8125,108.4375,16
1975,Cleveland Cavaliers,NA,97.91666666666667,12
1975,Portland Trail Blazers,NA,97.75,12
1975,Boston Celtics,NA,95.07142857142857,14
1975,Spirits of St. Louis,98.88888888888889,106.88888888888889,18
1975,Buffalo Braves,NA,98.61538461538461,13
1975,New York Knicks,NA,98.9375,16
1975,Los Angeles Lakers,NA,100.06666666666666,15
1975,Golden State Warriors,NA,97.38461538461539,13
1975,Chicago Bulls,NA,94.21428571428571,14
1975,Indiana Pacers,104.5,106.33333333333333,12
1975,Memphis Sounds,99.71428571428571,108.14285714285714,14
1975,Milwaukee Bucks,NA,99,16
1975,Atlanta Hawks,NA,99.76923076923077,13
1975,San Antonio Spurs,106.5,104.91666666666667,12
1975,Denver Nuggets,107,103.36363636363636,11
1975,Houston Rockets,NA,99,12
1975,Phoenix Suns,NA,98.53846153846153,13
1975,Washington Bullets,NA,92.61538461538461,13
1975,Kansas City-Omaha Kings,NA,97.28571428571429,14
1974,Denver Rockets,102.75,104.16666666666667,12
1974,Philadelphia 76ers,NA,99.07692307692308,13
1974,New York Knicks,NA,95.94117647058823,17
1974,Capital Bullets,NA,94.42857142857143,14
1974,Boston Celtics,NA,95.16666666666667,12
1974,Kentucky Colonels,96.94117647058823,100.82352941176471,17
1974,Cleveland Cavaliers,NA,100,13
1974,Virginia Squires,94.8,105.26666666666667,15
1974,Detroit Pistons,NA,94.41666666666667,12
1974,Portland Trail Blazers,NA,103.28571428571429,14
1974,Los Angeles Lakers,NA,96.84615384615384,13
1974,Phoenix Suns,NA,101.42857142857143,14
1974,Indiana Pacers,98.42857142857143,101.92857142857143,14
1974,New York Nets,100,99.25,16
1974,Carolina Cougars,102.76923076923077,103,13
1974,San Diego Conquistadors,100,105.6,15
1974,San Antonio Spurs,103,101.4375,16
1974,Milwaukee Bucks,NA,93.92857142857143,14
1974,Buffalo Braves,NA,100,15
1974,Chicago Bulls,NA,93.91666666666667,12
1974,Utah Stars,101.85714285714286,105.71428571428571,14
1974,Seattle SuperSonics,NA,99.28571428571429,14
1974,Golden State Warriors,NA,98.0909090909091,11
1974,Houston Rockets,NA,100.23529411764706,17
1974,Memphis Tams,94.88888888888889,108.44444444444444,18
1974,Atlanta Hawks,NA,99,12
1974,Kansas City-Omaha Kings,NA,100.94117647058823,17
